股票代码,股票简称,概念板块,行业板块,数据季度
000090,天健集团,2025年报预减;人工智能;光伏概念;养老金;央国企改革;工程建设;数字孪生;新型城镇化;智慧城市;机器人概念;深圳特区;破净股;租售同权;粤港自贸;红利破净股;红利股;长期破净,住宅开发;房地产;房地产开发,2026Q2
000157,中联重科,AH股;一带一路;乡村振兴;人工智能;人形机器人;参股银行;大盘价值;工业互联;工程机械概念;深成500;深证100R;破增发价股;算力概念;节能环保;雅下水电概念,工程机械;工程机械整机;机械设备,2026Q2
000333,美的集团,AH股;人形机器人;净水概念;医疗器械概念;参股银行;国产芯片;工业互联;数据中心;新能源车;智能家居;液冷概念;深成500;深证100R;物联网;百日新高;空气能热泵;股权激励;茅指数;超级品牌;趋势股;近期新高;鸿蒙概念,家用电器;白色家电;空调,2026Q2
000400,许继电气,一带一路;中盘价值;中盘股;中证500;储能概念;充电桩;光伏概念;央国企改革;抽水蓄能;换电概念;无线充电;智能电网;氢能源;深成500;特高压;电网概念,电力设备;电网自动化设备;电网设备,2026Q2
000404,长虹华意,央国企改革;新能源车;智能家居;汽车热管理;病毒防治;节能环保;贬值受益,家用电器;家电零部件Ⅱ;家电零部件Ⅲ,2026Q2
000423,东阿阿胶,中盘股;中药概念;中证500;创投;央国企改革;深成500;电商概念;超级品牌,中药Ⅱ;中药Ⅲ;医药生物,2026Q2
000429,粤高速A,AB股;中盘价值;中盘股;中证500;参股券商;央国企改革;深成500;粤港自贸;红利股;趋势股,交通运输;铁路公路;高速公路,2026Q2
000513,丽珠集团,AH股;中盘价值;中盘股;中药概念;中证500;减肥药;创新药;单抗概念;基因测序;幽门螺杆菌概念;流感;深成500;生物疫苗;病原体防治;精准医疗;辅助生殖;重组蛋白,化学制剂;化学制药;医药生物,2026Q2
000543,皖能电力,IPO受益;充电桩;参股券商;参股银行;可控核聚变;天然气;央国企改革;小盘价值;小盘股;抽水蓄能;新能源;核能核电;油气资源;深成500;煤化工概念;碳交易;超超临界发电;风能,公用事业;火力发电;电力,2026Q2
000563,陕国投A,中证500;低价股;化债(AMC)概念;参股保险;参股券商;参股银行;央国企改革;小盘成长;小盘股;深成500;破净股;西部大开发,信托;多元金融;非银金融,2026Q2
000568,泸州老窖,IPO受益;农业种植;参股券商;味蕾经济;基金重仓;大盘价值;央国企改革;成渝特区;深成500;深证100R;白酒;茅指数;西部大开发;超级品牌;酿酒概念,白酒Ⅱ;白酒Ⅲ;食品饮料,2026Q2
000596,古井贡酒,AB股;味蕾经济;大盘价值;央国企改革;深成500;深证100R;白酒;破增发价股;酿酒概念,白酒Ⅱ;白酒Ⅲ;食品饮料,2026Q2
000651,格力电器,储能概念;光伏概念;净水概念;国产芯片;大盘价值;工业母机;新能源车;新零售;智能家居;机器人概念;深成500;深证100R;特斯拉概念;电池技术;空气能热泵;粤港自贸;红利股;职业教育;茅指数;超级品牌;锂电池概念,家用电器;白色家电;空调,2026Q2
000672,上峰水泥,一带一路;储能概念;光伏概念;反内卷概念;国产芯片;小盘价值;小盘股;西部大开发,建筑材料;水泥;水泥制造,2026Q2
000729,燕京啤酒,2025年报预增;2026一季报预增;中盘股;中证500;创投;味蕾经济;啤酒概念;央国企改革;深成500;酿酒概念,啤酒;非白酒;食品饮料,2026Q2
000786,北新建材,IPO受益;中盘价值;中盘股;其他建材Ⅲ;参股新三板;周期股;央国企改革;新材料;新能源;深成500;深证100R;装配建筑;雄安新区,建筑材料;装修建材,2026Q2
000807,云铝股份,大盘价值;央国企改革;新能源车;深成500;燃料电池概念;电池技术;稀缺资源;节能环保;西部大开发,工业金属;有色金属;铝,2026Q2
000858,五 粮 液,无,无,2026Q2
000895,双汇发展,人造肉;味蕾经济;大盘价值;新零售;深成500;深证100R;猪肉概念;破增发价股;社区团购;红利股;超级品牌;预制菜概念;鸡肉概念,肉制品;食品加工;食品饮料,2026Q2
000915,华特达因,央国企改革;婴童概念;流感;维生素,化学制剂;化学制药;医药生物,2026Q2
000933,神火股份,2026一季报预增;中盘价值;中盘股;中证500;央国企改革;深成500;煤化工概念;稀缺资源;钠离子电池,工业金属;有色金属;铝,2026Q2
000975,山金国际,2026一季报预增;内蒙古;央国企改革;小金属概念;深成500;深证100R;西部大开发;黄金概念,有色金属;贵金属;黄金,2026Q2
000983,山西焦煤,2025年报预减;中盘价值;中盘股;反内卷概念;央国企改革;深成500;稀缺资源;红利股,焦煤;煤炭;煤炭开采,2026Q2
000988,华工科技,2026一季报预增;3D打印;3D玻璃;5G概念;CPO概念;DeepSeek概念;F5G概念;IPO受益;东方财富热股;传感器;充电桩;光通信模块;全息技术;创投;半导体概念;华为概念;大盘成长;央国企改革;工业母机;新材料;新能源车;智能家居;机器人概念;柔性屏(折叠屏);深成500;湖北自贸;物联网;特斯拉概念;玻璃基板;移动支付;苹果概念;蓝宝石;通信技术;量子科技;高压快充,机械设备;激光设备;自动化设备,2026Q2
000999,华润三九,中特估;中盘股;中药概念;创新药;化妆品概念;央国企改革;婴童概念;流感;深圳特区;深成500;深证100R;特色药;独家药品;电商概念;病原体防治;病毒防治;维生素,中药Ⅱ;中药Ⅲ;医药生物,2026Q2
002017,东信和平,5G概念;信创;央国企改革;小盘成长;小盘股;数字货币;数据安全;物联网;电商概念;移动支付;网络安全;车联网(车路云);通信技术,通信;通信终端及配件;通信设备,2026Q2
002028,思源电气,储能概念;充电桩;光伏概念;半导体概念;周期股;基金重仓;大盘成长;新能源;智能电网;深成500;深证100R;特高压;电网概念;磁悬浮概念;超级电容;长江三角;风能,电力设备;电网设备;输变电设备,2026Q2
002043,兔宝宝,其他建材Ⅲ;智能家居;电商概念;红利股;长江三角,建筑材料;装修建材,2026Q2
002046,国机精工,中芯概念;军工;半导体概念;商业航天;国产芯片;培育钻石;央国企改革;小盘股;机器人执行器;机器人概念;空间站概念;风能,机械设备;磨具磨料;通用设备,2026Q2
002056,横店东磁,2025三季报预增;5G概念;BC电池;TOPCon电池;中盘股;中证500;低空经济;光伏概念;共享经济;军工;华为概念;小金属概念;工业互联;新材料;新能源;新能源车;无线充电;氢能源;消费电子概念;深成500;特斯拉概念;电池技术;磁悬浮概念;稀土永磁;苹果概念;通信技术;锂电池概念;长江三角,光伏电池组件;光伏设备;电力设备,2026Q2
002078,太阳纸业,中盘价值;中盘股;中证500;代糖概念;养老金;深成500;造纸印刷,大宗用纸;轻工制造;造纸,2026Q2
002096,易普力,IPO受益;军工;军民融合;央国企改革;小盘股;民爆概念;深成500;雅下水电概念,化学制品;基础化工;民爆制品,2026Q2
002117,东港股份,DeepSeek概念;Web3.0;人形机器人;区块链;大数据;彩票概念;拼多多概念;数据确权;文娱消费;机器人概念;移动支付;算力概念;蚂蚁概念;财税数字化;造纸印刷,包装印刷;印刷;轻工制造,2026Q2
002154,报喜鸟,C2M概念;创投;数据要素;电商概念;红利股;网红经济;长江三角,服装家纺;纺织服饰;非运动服装,2026Q2
002158,汉钟精机,专精特新;光伏概念;冷链物流;半导体概念;地热能;小盘股;工业互联;数据中心;新能源车;氢能源;燃料电池概念;电池技术;空气能热泵;节能环保;长江三角,制冷空调设备;机械设备;通用设备,2026Q2
002179,中航光电,5G概念;6G概念;CPO概念;低空经济;充电桩;军工;军民融合;北交所概念;华为概念;可控核聚变;周期股;商业航天;大飞机;央国企改革;换电概念;新能源车;机器人概念;液冷概念;深成500;深证100R;特斯拉概念;破增发价股;通信技术,军工电子Ⅱ;军工电子Ⅲ;国防军工,2026Q2
002233,塔牌集团,创投;反内卷概念;粤港自贸;红利破净股;红利股,建筑材料;水泥;水泥制造,2026Q2
002262,恩华药业,中证500;互联医疗;养老金;创新药;小盘股;深成500;社保重仓;精准医疗;精准诊断;长江三角;阿兹海默,化学制剂;化学制药;医药生物,2026Q2
002267,陕天然气,天然气;央国企改革;油气资源;西部大开发,公用事业;燃气Ⅱ;燃气Ⅲ,2026Q2
002318,久立特材,中盘股;中证500;养老金;新材料;核能核电;油气资源;深成500;航母概念;超超临界发电;长江三角;页岩气,特钢Ⅱ;特钢Ⅲ;钢铁,2026Q2
002353,杰瑞股份,一带一路;中俄贸易概念;中证500;养老金;动力电池回收;大盘成长;天然气;油气设服;油气资源;海工装备;深成500;页岩气,专用设备;机械设备;能源及重型设备,2026Q2
002371,北方华创,OLED;中芯概念;光伏概念;光刻机(胶);半导体概念;华为概念;华为海思;国产芯片;大盘成长;央国企改革;存储芯片;宁组合;氮化镓;深成500;深证100R;电池技术;第三代半导体;茅指数;锂电池概念;高带宽内存,半导体;半导体设备;电子,2026Q2
002409,雅克科技,OLED;专精特新;中盘成长;中盘股;中芯概念;中证500;光刻机(胶);半导体概念;国产芯片;存储芯片;工业气体;氟化工概念;深成500;磷化工;高带宽内存,半导体;半导体材料;电子,2026Q2
002415,海康威视,AI应用;中特估;云计算;人工智能;光纤概念;大数据;央国企改革;存储芯片;安防概念;新型工业化;无人机;无人驾驶;智慧城市;机器人概念;深成500;深证100R;物联网;生物识别;茅指数;虚拟现实;超清视频;车联网(车路云);边缘计算;长江三角,安防设备;计算机;计算机设备,2026Q2
002416,爱施德,互联网金融;内贸流通;区块链;参股保险;小盘价值;小盘股;新消费;新零售;深圳特区;深成500;物联网;电子烟;电池技术;破发股;算力概念;网红经济;苹果概念;荣耀概念;锂电池概念;阿里概念,专业连锁Ⅱ;专业连锁Ⅲ;商贸零售,2026Q2
002532,天山铝业,2026一季报预增;中证500;大盘价值;深成500,工业金属;有色金属;铝,2026Q2
002540,亚太科技,3D打印;军工;商业航天;新能源车;汽车热管理;红利股;转债标的,工业金属;有色金属;铝,2026Q2
002555,三七互娱,AI应用;Kimi概念;中盘价值;中盘股;人脑工程;元宇宙概念;创投;华为概念;参股新三板;在线教育;文娱消费;智谱AI概念;深成500;破增发价股;网红经济;网络游戏;虚拟现实,传媒;游戏Ⅱ;游戏Ⅲ,2026Q2
002563,森马服饰,婴童概念;小盘价值;小盘股;新零售;深成500;电商概念;破发股;社区团购;红利股;网红经济,服装家纺;纺织服饰;非运动服装,2026Q2
002572,索菲亚,参股券商;小盘价值;小盘股;新零售;深成500;电商概念;破增发价股;虚拟现实,定制家居;家居用品;轻工制造,2026Q2
002601,龙佰集团,中盘价值;中盘股;养老概念;固态电池;氢能源;深成500;深证100R;电池技术;红利股;钒电池;钛白粉概念;锂电池概念,化学原料;基础化工;钛白粉,2026Q2
002690,美亚光电,养老金;医疗器械概念;小盘价值;小盘股;工业互联;机器视觉;深成500;食品安全,专用设备;其他专用设备;机械设备,2026Q2
002737,葵花药业,中药概念;创新药;婴童概念;流感;肝炎概念;黑龙江,中药Ⅱ;中药Ⅲ;医药生物,2026Q2
002756,永兴材料,中盘价值;中盘股;中证500;反内卷概念;核能核电;深成500;电池技术;破增发价股;股权激励;航天航空;锂电池概念;锂矿概念,有色金属;能源金属;锂,2026Q2
002867,周大生,小盘价值;小盘股;深圳特区;深成500;电商概念;黄金概念,纺织服饰;钟表珠宝;饰品,2026Q2
600012,皖通高速,AH股;上证380;中盘价值;中盘股;参股新三板;央国企改革;红利股,交通运输;铁路公路;高速公路,2026Q2
600015,华夏银行,互联网金融;大盘价值;破净股;破增发价股;红利破净股;红利股;蚂蚁概念;跨境支付;银行Ⅱ;长期破净,股份制银行Ⅲ;银行,2026Q2
600016,民生银行,AH股;互联网金融;参股券商;大盘价值;红利破净股;红利股;跨境支付;银行Ⅱ;长期破净,股份制银行Ⅲ;银行,2026Q2
600028,中国石化,AH股;一带一路;中字头;中特估;周期股;大盘价值;天然气;央国企改革;氢能源;油气资源;碳交易;红利破净股;红利股;页岩气,炼化及贸易;炼油化工;石油石化,2026Q2
600036,招商银行,AH股;互联网金融;大盘价值;深圳特区;茅指数;跨境支付;银行Ⅱ,股份制银行Ⅲ;银行,2026Q2
600039,四川路桥,PPP模式;一带一路;举牌;大盘价值;央国企改革;工程建设;成渝特区;电池技术;碳交易;磷化工;红利股;西部大开发;锂电池概念;雅下水电概念,基建市政工程;基础建设;建筑装饰,2026Q2
600057,厦门象屿,一带一路;上证380;农业种植;冷链物流;参股银行;土地流转;央国企改革;小盘价值;小盘股;数据要素;红利股;股权激励,交通运输;原材料供应链服务;物流,2026Q2
600064,南京高科,IPO受益;上证380;创投;参股券商;参股新三板;参股银行;央国企改革;小盘价值;小盘股;破净股;红利破净股;红利股;长期破净;长江三角,住宅开发;房地产;房地产开发,2026Q2
600096,云天化,一带一路;上证380;中盘价值;中盘股;中证500;化工原料;央国企改革;新材料;氟化工概念;煤化工概念;电池技术;碳交易;磷化工;西部大开发;锂电池概念,农化制品;基础化工;磷肥及磷化工,2026Q2
600123,兰花科创,上证380;反内卷概念;央国企改革;新材料;煤化工概念;稀缺资源;红利破净股;红利股;长期破净,焦煤;煤炭;煤炭开采,2026Q2
600153,建发股份,上证380;中盘价值;中盘股;中证500;养老金;内贸流通;央国企改革;小米汽车;电商概念;白酒;红利破净股;红利股;长期破净,交通运输;原材料供应链服务;物流,2026Q2
600177,雅戈尔,C2M概念;上证380;中盘价值;中盘股;中证500;互联网金融;养老概念;参股保险;参股银行;工业大麻;电商概念;破净股;红利破净股;红利股;长期破净,服装家纺;纺织服饰;非运动服装,2026Q2
600188,兖矿能源,AH股;参股期货;参股银行;反内卷概念;周期股;大盘价值;央国企改革;煤化工概念;稀缺资源;红利股,动力煤;煤炭;煤炭开采,2026Q2
600210,紫江企业,2025三季报预增;上证380;低空经济;养老金;刀片电池;创投;包装材料;固态电池;大飞机;小盘价值;小盘股;毫米波概念;电池技术;锂电池概念;长江三角;降解塑料;飞行汽车(eVTOL),包装印刷;塑料包装;轻工制造,2026Q2
600256,广汇能源,2025年报预减;一带一路;上证380;中盘价值;中盘股;天然气;氢能源;油气资源;煤化工概念;碳交易;西部大开发,动力煤;煤炭;煤炭开采,2026Q2
600273,嘉化能源,上证380;光伏概念;小盘价值;小盘股;新材料;新能源;氢能源;破净股;红利破净股;红利股;长江三角,其他化学制品;化学制品;基础化工,2026Q2
600282,南钢股份,C2M概念;一带一路;上证380;中盘价值;中盘股;中证500;人工智能;人形机器人;创投;化债(AMC)概念;参股新三板;反内卷概念;可燃冰;工业互联;工程机械概念;核能核电;水利建设;油气设服;油气资源;海洋经济;红利股;节能环保;贬值受益;长江三角;风能,普钢;板材;钢铁,2026Q2
600284,浦东建设,上海自贸;创投;央国企改革;工程建设;节能环保;长江三角,基建市政工程;基础建设;建筑装饰,2026Q2
600285,羚锐制药,IPO受益;上证380;中药概念;养老金;创新药;参股银行;小盘价值;小盘股,中药Ⅱ;中药Ⅲ;医药生物,2026Q2
600295,鄂尔多斯,AB股;上证380;中盘股;中证500;内蒙古;创投;小金属概念;红利股;西部大开发,冶钢原料;冶钢辅料;钢铁,2026Q2
600300,维维股份,乳业;创投;参股银行;央国企改革;婴童概念;生态农业;电商概念;粮食概念;长江三角,软饮料;食品饮料;饮料乳品,2026Q2
600323,瀚蓝环境,PPP模式;上证380;养老金;创投;垃圾分类;天然气;央国企改革;小盘价值;小盘股;油气资源;碳交易;节能环保,固废治理;环保;环境治理,2026Q2
600348,华阳股份,上证380;中盘价值;中盘股;中证500;储能概念;光伏概念;反内卷概念;天然气;央国企改革;油气资源;煤化工概念;电池技术;碳纤维;稀缺资源;红利股;超超临界发电;钠离子电池,动力煤;煤炭;煤炭开采,2026Q2
600350,山东高速,中盘价值;中盘股;参股银行;央国企改革;红利股;股权激励,交通运输;铁路公路;高速公路,2026Q2
600351,亚宝药业,中药概念;创新药;婴童概念;幽门螺杆菌概念;病原体防治;破增发价股,中药Ⅱ;中药Ⅲ;医药生物,2026Q2
600362,江西铜业,AH股;一带一路;参股券商;参股银行;大盘价值;央国企改革;小金属概念;新材料;电池技术;稀缺资源;锂电池概念;黄金概念,工业金属;有色金属;铜,2026Q2
600373,中文传媒,2025年报预减;上证380;参股新三板;在线教育;增强现实;央国企改革;小盘股;数字阅读;文娱消费;破增发价股;红利破净股;红利股;网络游戏;虚拟现实;长期破净,传媒;出版;大众出版,2026Q2
600377,宁沪高速,AH股;央国企改革;红利股;长江三角,交通运输;铁路公路;高速公路,2026Q2
600398,海澜之家,上证380;中盘价值;中盘股;中证500;参股银行;婴童概念;小红书概念;抖音概念(字节概念);新零售;电商概念;红利股;网红经济;长江三角;阿里概念,服装家纺;纺织服饰;非运动服装,2026Q2
600406,国电南瑞,IGBT概念;PPP模式;一带一路;中特估;储能概念;充电桩;光伏概念;半导体概念;国产芯片;央国企改革;抽水蓄能;换电概念;数据中心;新能源;智能电网;核能核电;特高压;电网概念;节能环保;虚拟电厂;车联网(车路云);量子科技,电力设备;电网自动化设备;电网设备,2026Q2
600436,片仔癀,专精特新;中药概念;化妆品概念;央国企改革;茅指数,中药Ⅱ;中药Ⅲ;医药生物,2026Q2
600461,洪城环境,PPP模式;创投;垃圾分类;天然气;央国企改革;小盘价值;小盘股;油气资源;红利股;节能环保;转债标的,水务及水治理;环保;环境治理,2026Q2
600502,安徽建工,PPP模式;一带一路;基金重仓;央国企改革;工程建设;房屋检测;新型城镇化;水利建设;海绵城市;红利破净股;红利股;绿色电力;装配建筑;长期破净,基建市政工程;基础建设;建筑装饰,2026Q2
600519,贵州茅台,味蕾经济;央国企改革;电商概念;白酒;茅指数;西部大开发;超级品牌;酿酒概念,白酒Ⅱ;白酒Ⅲ;食品饮料,2026Q2
600546,山煤国际,上证380;中证500;内贸流通;参股银行;反内卷概念;央国企改革;小盘价值;小盘股;红利股;超超临界发电,动力煤;煤炭;煤炭开采,2026Q2
600549,厦门钨业,MLCC;上证380;东方财富热股;中证500;动力电池回收;可控核聚变;固态电池;央国企改革;小金属概念;新材料;机器人概念;氢能源;独角兽;电池技术;稀土永磁;稀缺资源;锂电池概念,小金属;有色金属;钨,2026Q2
600562,国睿科技,5G概念;PPP模式;上证380;中盘股;中证500;低空经济;军工;军民融合;华为概念;可控核聚变;商业航天;大飞机;央国企改革;无人驾驶;通信技术;长江三角,军工电子Ⅱ;军工电子Ⅲ;国防军工,2026Q2
600582,天地科技,F5G概念;上证380;中特估;中证500;人工智能;央国企改革;小盘价值;小盘股;新能源;机器人概念;煤化工概念;破净股;节能环保;通信技术,专用设备;机械设备;能源及重型设备,2026Q2
600585,海螺水泥,AH股;一带一路;储能概念;反内卷概念;周期股;大盘价值;央国企改革;破净股;红利破净股;红利股;装配建筑;铁路基建;长期破净;雅下水电概念,建筑材料;水泥;水泥制造,2026Q2
600600,青岛啤酒,AH股;味蕾经济;啤酒概念;大盘价值;央国企改革;新零售;股权激励;超级品牌;酿酒概念,啤酒;非白酒;食品饮料,2026Q2
600660,福耀玻璃,AH股;光伏概念;周期股;小米汽车;特斯拉概念;贬值受益,汽车;汽车零部件;车身附件及饰件,2026Q2
600690,海尔智家,AH股;净水概念;大盘价值;工业互联;智能家居;物联网;电商概念;空气能热泵;节能环保;茅指数;超级品牌;阿里概念,冰洗;家用电器;白色家电,2026Q2
600729,重庆百货,上证380;互联网金融;内贸流通;小盘价值;小盘股;小米汽车;成渝特区;电商概念;红利股;西部大开发,一般零售;商贸零售;多业态零售,2026Q2
600737,中粮糖业,上证380;中字头;中盘成长;中盘股;中证500;乡村振兴;农业种植;味蕾经济;央国企改革;西部大开发;调味品概念,其他农产品加工;农产品加工;农林牧渔,2026Q2
600741,华域汽车,养老金;参股券商;周期股;固态电池;大盘价值;央国企改革;小米汽车;新能源车;无人驾驶;毫米波概念;沪企改革;特斯拉概念;电池技术;破净股;长期破净,汽车;汽车零部件;车身附件及饰件,2026Q2
600750,华润江中,上证380;中药概念;参股银行;央国企改革;小盘价值;小盘股;白酒;红利股,中药Ⅱ;中药Ⅲ;医药生物,2026Q2
600755,厦门国贸,DeepSeek概念;一带一路;上证380;内贸流通;参股券商;参股期货;参股银行;央国企改革;小盘价值;小盘股;破净股;红利破净股;红利股;统一大市场;股权激励;长期破净,交通运输;原材料供应链服务;物流,2026Q2
600757,长江传媒,养老金;在线教育;央国企改革;小盘成长;小盘股;知识产权;红利破净股;红利股,传媒;出版;教育出版,2026Q2
600761,安徽合力,上证380;养老金;央国企改革;小盘价值;小盘股;工程机械概念;新能源车,工程机械;工程机械整机;机械设备,2026Q2
600873,梅花生物,上证380;中盘价值;中盘股;中证500;参股银行;合成生物;生物疫苗;病毒防治;红利股;维生素;西部大开发;调味品概念,化学制品;基础化工;食品及饲料添加剂,2026Q2
600971,恒源煤电,养老金;反内卷概念;央国企改革;破净股;稀缺资源;红利破净股;红利股;长期破净,焦煤;煤炭;煤炭开采,2026Q2
600985,淮北矿业,2025年报预减;上证380;中盘价值;中盘股;中证500;反内卷概念;央国企改革;民爆概念;煤化工概念;红利股,焦煤;煤炭;煤炭开采,2026Q2
600993,马应龙,QFII重仓;上证380;中药概念;养老金;参股新三板;婴童概念;小盘价值;小盘股,中药Ⅱ;中药Ⅲ;医药生物,2026Q2
600997,开滦股份,养老金;反内卷概念;央国企改革;氢能源;煤化工概念;稀缺资源;红利破净股;红利股;长期破净;雄安新区,焦炭Ⅱ;焦炭Ⅲ;煤炭,2026Q2
601000,唐山港,上证380;中证500;京津冀;央国企改革;小盘价值;小盘股;红利股;雄安新区,交通运输;港口;航运港口,2026Q2
601001,晋控煤业,上证380;中盘价值;中盘股;中证500;养老金;反内卷概念;央国企改革;稀缺资源,动力煤;煤炭;煤炭开采,2026Q2
601006,大秦铁路,中特估;大盘价值;央国企改革;破净股;红利破净股;红利股;铁路基建;长期破净,交通运输;铁路公路;铁路运输,2026Q2
601008,连云港,一带一路;中俄贸易概念;央国企改革;长江三角,交通运输;港口;航运港口,2026Q2
601009,南京银行,QFII重仓;互联网金融;大盘价值;破净股;红利破净股;红利股;银行Ⅱ;长期破净;长江三角,城商行Ⅲ;银行,2026Q2
601088,中国神华,AH股;中字头;中特估;反内卷概念;周期股;大盘价值;央国企改革;煤化工概念;稀缺资源;红利股;铁路基建,动力煤;煤炭;煤炭开采,2026Q2
601098,中南传媒,上证380;中证500;华为概念;在线教育;央国企改革;小盘价值;小盘股;影视概念;红利股,传媒;出版;教育出版,2026Q2
601101,昊华能源,2025年报预减;反内卷概念;央国企改革;小盘价值;小盘股;煤化工概念;稀缺资源,动力煤;煤炭;煤炭开采,2026Q2
601166,兴业银行,互联网金融;大盘价值;破净股;红利破净股;红利股;跨境支付;转债标的;银行Ⅱ;长期破净,股份制银行Ⅲ;银行,2026Q2
601168,西部矿业,上证380;中盘价值;中盘股;中证500;央国企改革;小金属概念;新材料;电池技术;稀缺资源;西部大开发;钒电池;锂矿概念;黄金概念,工业金属;有色金属;铜,2026Q2
601169,北京银行,互联网金融;参股保险;大盘价值;小米概念;破净股;红利破净股;红利股;银行Ⅱ;长期破净,城商行Ⅲ;银行,2026Q2
601216,君正集团,上证380;中盘价值;中盘股;中证500;互联网金融;内蒙古;参股券商;参股银行;彩票概念;煤化工概念;独角兽;生物疫苗;红利股;蚂蚁概念;西部大开发;阿里概念;降解塑料,化学原料;基础化工;氯碱,2026Q2
601225,陕西煤业,反内卷概念;周期股;大盘价值;央国企改革;红利股;西部大开发,动力煤;煤炭;煤炭开采,2026Q2
601288,农业银行,AH股;中特估;互联网金融;大盘价值;红利破净股;红利股;跨境支付;银行Ⅱ,国有大型银行Ⅲ;银行,2026Q2
601318,中国平安,AH股;IPO受益;互联医疗;互联网金融;养老概念;区块链;参股券商;参股银行;周期股;大盘价值;深圳特区;独角兽;红利破净股;红利股,保险Ⅱ;保险Ⅲ;非银金融,2026Q2
601328,交通银行,AH股;QFII重仓;中特估;互联网金融;大盘价值;破增发价股;红利破净股;红利股;跨境支付;银行Ⅱ;长期破净;长江三角,国有大型银行Ⅲ;银行,2026Q2
601336,新华保险,2025三季报预增;AH股;养老概念;周期股;蚂蚁概念,保险Ⅱ;保险Ⅲ;非银金融,2026Q2
601398,工商银行,AH股;一带一路;中特估;互联网金融;区块链;参股保险;参股银行;大盘价值;央国企改革;百日新高;红利破净股;红利股;跨境支付;近期新高;银行Ⅱ;长期破净,国有大型银行Ⅲ;银行,2026Q2
601601,中国太保,AH股;GDR;养老概念;周期股;破净股;蚂蚁概念;长江三角,保险Ⅱ;保险Ⅲ;非银金融,2026Q2
601666,平煤股份,2025年报预减;上证380;中证500;反内卷概念;央国企改革;小盘价值;小盘股;稀缺资源;红利股;转债标的,焦煤;煤炭;煤炭开采,2026Q2
601668,中国建筑,PPP模式;一带一路;中字头;中特估;大盘价值;央国企改革;工程建设;数字孪生;装配建筑;长期破净,建筑装饰;房屋建设Ⅱ;房屋建设Ⅲ,2026Q2
601699,潞安环能,2025年报预减;上证380;中盘价值;中盘股;中证500;养老金;反内卷概念;央国企改革;稀缺资源;红利股,焦煤;煤炭;煤炭开采,2026Q2
601717,中创智领,AH股;DeepSeek概念;上证380;中盘价值;中盘股;中证500;储能概念;华为汽车;新能源车,专用设备;机械设备;能源及重型设备,2026Q2
601818,光大银行,AH股;中特估;互联网金融;大盘价值;央国企改革;红利破净股;红利股;银行Ⅱ;长期破净,股份制银行Ⅲ;银行,2026Q2
601857,中国石油,AH股;一带一路;中字头;中特估;参股保险;周期股;大盘价值;天然气;央国企改革;油气资源;红利股;页岩气,炼化及贸易;炼油化工;石油石化,2026Q2
601899,紫金矿业,2025年报预增;AH股;一带一路;周期股;央国企改革;小金属概念;稀缺资源;贬值受益;锂矿概念;黄金概念,工业金属;有色金属;铜,2026Q2
601900,南方传媒,AI应用;人工智能;参股银行;在线教育;央国企改革;小盘价值;小盘股;数字阅读,传媒;出版;教育出版,2026Q2
601928,凤凰传媒,上证380;中盘价值;中盘股;中证500;养老金;在线教育;央国企改革;数字阅读;数据中心;红利股;网络游戏;虚拟现实;蚂蚁概念,传媒;出版;教育出版,2026Q2
601939,建设银行,AH股;中特估;互联网金融;历史新高;大盘价值;央国企改革;百日新高;红利破净股;红利股;趋势股;跨境支付;近期新高;银行Ⅱ;长期破净,国有大型银行Ⅲ;银行,2026Q2
601958,金钼股份,OLED;上证380;中盘股;中证500;军工;央国企改革;小金属概念;稀缺资源;西部大开发,小金属;有色金属;钼,2026Q2
601988,中国银行,AH股;中字头;中特估;互联网金融;央国企改革;百日新高;红利破净股;红利股;趋势股;跨境支付;近期新高;银行Ⅱ;长期破净,国有大型银行Ⅲ;银行,2026Q2
601998,中信银行,AH股;中特估;大盘价值;央国企改革;破净股;红利破净股;红利股;银行Ⅱ;长期破净,股份制银行Ⅲ;银行,2026Q2
603040,新坐标,专精特新;养老金;新能源车;汽车热管理,底盘与发动机系统;汽车;汽车零部件,2026Q2
603444,吉比特,2025三季报预增;2025年报预增;2026一季报预增;上证380;中盘股;中证500;文娱消费;网络游戏;谷子经济,传媒;游戏Ⅱ;游戏Ⅲ,2026Q2
603508,思维列控,大数据;小盘价值;小盘股;无人驾驶;红利股;车联网(车路云);铁路基建,安防设备;计算机;计算机设备,2026Q2
